ID,RELIABILITY,COST,OXIM,ECG,TEMP,ABP,PATIENT_STATUS,TIME_MS,TIME (ms)
0,0,0,FALSE,FALSE,FALSE,FALSE,NORMAL STATE,645916847,0
1,0,0,FALSE,TRUE,TRUE,FALSE,NORMAL STATE,645918844,1997
2,0,0,TRUE,TRUE,TRUE,TRUE,NORMAL STATE,645919138,2291
3,0.964172,0.6059,TRUE,TRUE,TRUE,TRUE,NORMAL STATE,645920245,3398
4,0.964172,0.6059,TRUE,TRUE,TRUE,TRUE,NORMAL STATE,645921893,5046
5,0.964172,0.6059,TRUE,TRUE,TRUE,TRUE,NORMAL STATE,645922830,5983
6,0.964172,0.6059,TRUE,TRUE,TRUE,TRUE,NORMAL STATE,645923841,6994
7,0.934318,0.542372,TRUE,TRUE,TRUE,TRUE,NORMAL STATE,645924932,8085
8,0.891721,0.466488,TRUE,TRUE,TRUE,TRUE,NORMAL STATE,645925089,8242
9,0.891721,0.466488,TRUE,TRUE,TRUE,TRUE,NORMAL STATE,645925189,8342
10,0.891721,0.466488,TRUE,TRUE,TRUE,TRUE,NORMAL STATE,645926177,9330
11,0.891721,0.466488,TRUE,TRUE,TRUE,TRUE,NORMAL STATE,645927184,10337
12,0.891721,0.466488,TRUE,TRUE,TRUE,TRUE,NORMAL STATE,645928199,11352
13,0.891721,0.466488,TRUE,TRUE,TRUE,TRUE,NORMAL STATE,645929192,12345
14,0.891721,0.466488,TRUE,TRUE,TRUE,TRUE,NORMAL STATE,645930183,13336
15,0.891721,0.466488,TRUE,TRUE,TRUE,TRUE,NORMAL STATE,645931189,14342
16,0.891721,0.466488,TRUE,TRUE,TRUE,TRUE,NORMAL STATE,645932194,15347
17,0.891721,0.466488,TRUE,TRUE,TRUE,TRUE,NORMAL STATE,645934190,17343
18,0.891721,0.466488,TRUE,TRUE,TRUE,TRUE,NORMAL STATE,645934297,17450
19,0.891721,0.466488,TRUE,TRUE,TRUE,TRUE,NORMAL STATE,645935291,18444
20,0.891721,0.466488,TRUE,TRUE,TRUE,TRUE,NORMAL STATE,645936294,19447
21,0.891721,0.466488,TRUE,TRUE,TRUE,TRUE,NORMAL STATE,645937301,20454
22,0.891721,0.466488,TRUE,TRUE,TRUE,TRUE,NORMAL STATE,645938300,21453
23,0.891721,0.466488,TRUE,TRUE,TRUE,TRUE,NORMAL STATE,645939299,22452
24,0.891721,0.466488,TRUE,TRUE,TRUE,TRUE,NORMAL STATE,645940301,23454
25,0.891721,0.466488,TRUE,TRUE,TRUE,TRUE,NORMAL STATE,645941303,24456
26,0.891721,0.466488,TRUE,TRUE,TRUE,TRUE,NORMAL STATE,645942294,25447
27,0.891721,0.466488,TRUE,TRUE,TRUE,TRUE,NORMAL STATE,645943293,26446
28,0.891721,0.466488,TRUE,TRUE,TRUE,TRUE,NORMAL STATE,645944301,27454
29,0.891721,0.466488,TRUE,TRUE,TRUE,TRUE,NORMAL STATE,645945298,28451
30,0.891721,0.466488,TRUE,TRUE,TRUE,TRUE,NORMAL STATE,645946296,29449
31,0.891721,0.466488,TRUE,TRUE,TRUE,TRUE,NORMAL STATE,645947295,30448
32,0.891721,0.466488,TRUE,TRUE,TRUE,TRUE,NORMAL STATE,645948299,31452
33,0.891721,0.466488,TRUE,TRUE,TRUE,TRUE,NORMAL STATE,645949297,32450
34,0.891721,0.466488,TRUE,TRUE,TRUE,TRUE,NORMAL STATE,645950299,33452
35,0.891721,0.466488,TRUE,TRUE,TRUE,TRUE,NORMAL STATE,645951300,34453
36,0.891721,0.466488,TRUE,TRUE,TRUE,TRUE,NORMAL STATE,645952307,35460
37,0.891721,0.466488,TRUE,TRUE,TRUE,TRUE,NORMAL STATE,645953305,36458
38,0.891721,0.466488,TRUE,TRUE,TRUE,TRUE,NORMAL STATE,645954300,37453
39,0.891721,0.466488,TRUE,TRUE,TRUE,TRUE,NORMAL STATE,645955305,38458
40,0.891721,0.466488,TRUE,TRUE,TRUE,TRUE,NORMAL STATE,645956301,39454
41,0.891721,0.466488,TRUE,TRUE,TRUE,TRUE,NORMAL STATE,645957300,40453
42,0.891721,0.466488,TRUE,TRUE,TRUE,TRUE,NORMAL STATE,645958302,41455
43,0.891721,0.466488,TRUE,TRUE,TRUE,TRUE,NORMAL STATE,645959296,42449
44,0.891721,0.466488,TRUE,TRUE,TRUE,TRUE,NORMAL STATE,645960304,43457
45,0.891721,0.466488,TRUE,TRUE,TRUE,TRUE,NORMAL STATE,645961303,44456
46,0.891721,0.466488,TRUE,TRUE,TRUE,TRUE,NORMAL STATE,645962296,45449
47,0.891721,0.466488,TRUE,TRUE,TRUE,TRUE,NORMAL STATE,645963297,46450
48,0.891721,0.466488,TRUE,TRUE,TRUE,TRUE,NORMAL STATE,645964299,47452
49,0.891721,0.466488,TRUE,TRUE,TRUE,TRUE,NORMAL STATE,645965303,48456
50,0.891721,0.466488,TRUE,TRUE,TRUE,TRUE,NORMAL STATE,645966301,49454
51,0.891721,0.466488,TRUE,TRUE,TRUE,TRUE,NORMAL STATE,645967305,50458
52,0.891721,0.466488,TRUE,TRUE,TRUE,TRUE,NORMAL STATE,645968299,51452
53,0.891721,0.466488,TRUE,TRUE,TRUE,TRUE,NORMAL STATE,645969301,52454
54,0.891721,0.466488,TRUE,TRUE,TRUE,TRUE,NORMAL STATE,645970302,53455
55,0.891721,0.466488,TRUE,TRUE,TRUE,TRUE,NORMAL STATE,645971302,54455
56,0.891721,0.466488,TRUE,TRUE,TRUE,TRUE,NORMAL STATE,645972301,55454
57,0.891721,0.466488,TRUE,TRUE,TRUE,TRUE,NORMAL STATE,645973298,56451
58,0.891721,0.466488,TRUE,TRUE,TRUE,TRUE,NORMAL STATE,645974293,57446
59,0.891721,0.466488,TRUE,TRUE,TRUE,TRUE,NORMAL STATE,645975298,58451
60,0.891721,0.466488,TRUE,TRUE,TRUE,TRUE,NORMAL STATE,645976306,59459
61,0.891721,0.466488,TRUE,TRUE,TRUE,TRUE,NORMAL STATE,645977309,60462
62,0.891721,0.466488,TRUE,TRUE,TRUE,TRUE,NORMAL STATE,645978302,61455
63,0.891721,0.466488,TRUE,TRUE,TRUE,TRUE,NORMAL STATE,645979294,62447
64,0.891721,0.466488,TRUE,TRUE,TRUE,TRUE,NORMAL STATE,645980303,63456
65,0.891721,0.466488,TRUE,TRUE,TRUE,TRUE,NORMAL STATE,645981305,64458
66,0.891721,0.466488,TRUE,TRUE,TRUE,TRUE,NORMAL STATE,645982305,65458
67,0.891721,0.466488,TRUE,TRUE,TRUE,TRUE,NORMAL STATE,645983294,66447
68,0.891721,0.466488,TRUE,TRUE,TRUE,TRUE,NORMAL STATE,645984279,67432
69,0.891721,0.466488,TRUE,TRUE,TRUE,TRUE,NORMAL STATE,645985279,68432
70,0.891721,0.466488,TRUE,TRUE,TRUE,TRUE,NORMAL STATE,645986296,69449
71,0.891721,0.466488,TRUE,TRUE,TRUE,TRUE,NORMAL STATE,645987302,70455
72,0.891721,0.466488,TRUE,TRUE,TRUE,TRUE,NORMAL STATE,645988294,71447
73,0.891721,0.466488,TRUE,TRUE,TRUE,TRUE,NORMAL STATE,645989297,72450
74,0.891721,0.466488,TRUE,TRUE,TRUE,TRUE,NORMAL STATE,645990293,73446
75,0.891721,0.466488,TRUE,TRUE,TRUE,TRUE,NORMAL STATE,645991293,74446
76,0.891721,0.466488,TRUE,TRUE,TRUE,TRUE,NORMAL STATE,645992297,75450
77,0.891721,0.466488,TRUE,TRUE,TRUE,TRUE,NORMAL STATE,645993299,76452
78,0.891721,0.466488,TRUE,TRUE,TRUE,TRUE,NORMAL STATE,645994293,77446
79,0.891721,0.466488,TRUE,TRUE,TRUE,TRUE,NORMAL STATE,645995288,78441
80,0.891721,0.466488,TRUE,TRUE,TRUE,TRUE,NORMAL STATE,645996302,79455
81,0.891721,0.466488,TRUE,TRUE,TRUE,TRUE,NORMAL STATE,645997299,80452
82,0.891721,0.466488,TRUE,TRUE,TRUE,TRUE,NORMAL STATE,645998299,81452
83,0.891721,0.466488,TRUE,TRUE,TRUE,TRUE,NORMAL STATE,645999304,82457
84,0.891721,0.466488,TRUE,TRUE,TRUE,TRUE,NORMAL STATE,646000307,83460
85,0.891721,0.466488,TRUE,TRUE,TRUE,TRUE,NORMAL STATE,646001307,84460
86,0.891721,0.466488,TRUE,TRUE,TRUE,TRUE,NORMAL STATE,646002307,85460
87,0.891721,0.466488,TRUE,TRUE,TRUE,TRUE,NORMAL STATE,646003308,86461
88,0.802313,0.315581,TRUE,TRUE,TRUE,FALSE,NORMAL STATE,646005125,88278
89,0.802313,0.315581,TRUE,TRUE,TRUE,FALSE,NORMAL STATE,646007017,90170
90,0.802313,0.315581,TRUE,TRUE,TRUE,FALSE,NORMAL STATE,646008086,91239
91,0.873418,0.427815,TRUE,TRUE,TRUE,FALSE,NORMAL STATE,646009073,92226
92,0.893959,0.461098,TRUE,TRUE,TRUE,FALSE,NORMAL STATE,646009185,92338
93,0.893959,0.461098,TRUE,TRUE,TRUE,FALSE,NORMAL STATE,646009298,92451
94,0.893959,0.461098,TRUE,TRUE,TRUE,FALSE,NORMAL STATE,646010299,93452
95,0.893959,0.461098,TRUE,TRUE,TRUE,FALSE,NORMAL STATE,646011300,94453
96,0.893959,0.461098,TRUE,TRUE,TRUE,FALSE,NORMAL STATE,646012303,95456
97,0.893959,0.461098,TRUE,TRUE,TRUE,FALSE,NORMAL STATE,646013311,96464
98,0.893959,0.461098,TRUE,TRUE,TRUE,FALSE,NORMAL STATE,646014312,97465
99,0.893959,0.461098,TRUE,TRUE,TRUE,FALSE,NORMAL STATE,646015306,98459
100,0.893959,0.461098,TRUE,TRUE,TRUE,FALSE,NORMAL STATE,646016305,99458
101,0.893959,0.461098,TRUE,TRUE,TRUE,FALSE,NORMAL STATE,646017307,100460
102,0.893959,0.461098,TRUE,TRUE,TRUE,FALSE,NORMAL STATE,646018311,101464
103,0.893959,0.461098,TRUE,TRUE,TRUE,FALSE,NORMAL STATE,646019307,102460
104,0.893959,0.461098,TRUE,TRUE,TRUE,FALSE,NORMAL STATE,646020302,103455
105,0.893959,0.461098,TRUE,TRUE,TRUE,FALSE,NORMAL STATE,646021310,104463
106,0.893959,0.461098,TRUE,TRUE,TRUE,FALSE,NORMAL STATE,646022309,105462
107,0.893959,0.461098,TRUE,TRUE,TRUE,FALSE,NORMAL STATE,646023312,106465
108,0.893959,0.461098,TRUE,TRUE,TRUE,FALSE,NORMAL STATE,646024309,107462
109,0.893959,0.461098,TRUE,TRUE,TRUE,FALSE,NORMAL STATE,646025300,108453
110,0.893959,0.461098,TRUE,TRUE,TRUE,FALSE,NORMAL STATE,646026298,109451
111,0.893959,0.461098,TRUE,TRUE,TRUE,FALSE,NORMAL STATE,646027297,110450
112,0.893959,0.461098,TRUE,TRUE,TRUE,FALSE,NORMAL STATE,646028307,111460
113,0.893959,0.461098,TRUE,TRUE,TRUE,FALSE,NORMAL STATE,646029298,112451
114,0.893959,0.461098,TRUE,TRUE,TRUE,FALSE,NORMAL STATE,646030290,113443
115,0.893959,0.461098,TRUE,TRUE,TRUE,FALSE,NORMAL STATE,646031298,114451
116,0.893959,0.461098,TRUE,TRUE,TRUE,FALSE,NORMAL STATE,646032305,115458
117,0.893959,0.461098,TRUE,TRUE,TRUE,FALSE,NORMAL STATE,646033306,116459
118,0.893959,0.461098,TRUE,TRUE,TRUE,FALSE,NORMAL STATE,646034306,117459
119,0.893959,0.461098,TRUE,TRUE,TRUE,FALSE,NORMAL STATE,646035303,118456
120,0.893959,0.461098,TRUE,TRUE,TRUE,FALSE,NORMAL STATE,646036304,119457
121,0.893959,0.461098,TRUE,TRUE,TRUE,FALSE,NORMAL STATE,646037302,120455
122,0.893959,0.461098,TRUE,TRUE,TRUE,FALSE,NORMAL STATE,646038307,121460
123,0.893959,0.461098,TRUE,TRUE,TRUE,FALSE,NORMAL STATE,646039298,122451
124,0.941919,0.55981,TRUE,TRUE,TRUE,TRUE,NORMAL STATE,646041131,124284
125,0.941919,0.55981,TRUE,TRUE,TRUE,TRUE,NORMAL STATE,646043023,126176
126,0.941919,0.55981,TRUE,TRUE,TRUE,TRUE,NORMAL STATE,646044096,127249
127,0.909292,0.495453,TRUE,TRUE,TRUE,TRUE,NORMAL STATE,646045022,128175
128,0.891721,0.466488,TRUE,TRUE,TRUE,TRUE,NORMAL STATE,646045124,128277
129,0.891721,0.466488,TRUE,TRUE,TRUE,TRUE,NORMAL STATE,646045315,128468
130,0.891721,0.466488,TRUE,TRUE,TRUE,TRUE,NORMAL STATE,646046303,129456
131,0.891721,0.466488,TRUE,TRUE,TRUE,TRUE,NORMAL STATE,646047292,130445
132,0.891721,0.466488,TRUE,TRUE,TRUE,TRUE,NORMAL STATE,646048313,131466
133,0.891721,0.466488,TRUE,TRUE,TRUE,TRUE,NORMAL STATE,646049317,132470
134,0.891721,0.466488,TRUE,TRUE,TRUE,TRUE,NORMAL STATE,646050314,133467
135,0.891721,0.466488,TRUE,TRUE,TRUE,TRUE,NORMAL STATE,646051311,134464
136,0.891721,0.466488,TRUE,TRUE,TRUE,TRUE,NORMAL STATE,646052314,135467
137,0.891721,0.466488,TRUE,TRUE,TRUE,TRUE,NORMAL STATE,646053322,136475
138,0.891721,0.466488,TRUE,TRUE,TRUE,TRUE,NORMAL STATE,646054321,137474
139,0.891721,0.466488,TRUE,TRUE,TRUE,TRUE,NORMAL STATE,646055314,138467
140,0.839607,0.398382,FALSE,TRUE,TRUE,TRUE,NORMAL STATE,646057180,140333
141,0.839607,0.398382,FALSE,TRUE,TRUE,TRUE,NORMAL STATE,646059009,142162
142,0.839607,0.398382,FALSE,TRUE,TRUE,TRUE,NORMAL STATE,646059961,143114
143,0.883849,0.459042,FALSE,TRUE,TRUE,TRUE,NORMAL STATE,646060950,144103
144,0.892817,0.472661,FALSE,TRUE,TRUE,TRUE,NORMAL STATE,646061128,144281
145,0.892817,0.472661,FALSE,TRUE,TRUE,TRUE,NORMAL STATE,646061321,144474
146,0.892817,0.472661,FALSE,TRUE,TRUE,TRUE,NORMAL STATE,646062319,145472
147,0.892817,0.472661,FALSE,TRUE,TRUE,TRUE,NORMAL STATE,646063322,146475
148,0.892817,0.472661,FALSE,TRUE,TRUE,TRUE,NORMAL STATE,646064316,147469
149,0.892817,0.472661,FALSE,TRUE,TRUE,TRUE,NORMAL STATE,646065314,148467
150,0.892817,0.472661,FALSE,TRUE,TRUE,TRUE,NORMAL STATE,646066318,149471
151,0.892817,0.472661,FALSE,TRUE,TRUE,TRUE,NORMAL STATE,646067319,150472
152,0.892817,0.472661,FALSE,TRUE,TRUE,TRUE,NORMAL STATE,646068309,151462
153,0.892817,0.472661,FALSE,TRUE,TRUE,TRUE,NORMAL STATE,646069310,152463
154,0.892817,0.472661,FALSE,TRUE,TRUE,TRUE,NORMAL STATE,646070320,153473
155,0.892817,0.472661,FALSE,TRUE,TRUE,TRUE,NORMAL STATE,646071321,154474
156,0.892817,0.472661,FALSE,TRUE,TRUE,TRUE,NORMAL STATE,646072317,155470
157,0.892817,0.472661,FALSE,TRUE,TRUE,TRUE,NORMAL STATE,646073320,156473
158,0.892817,0.472661,FALSE,TRUE,TRUE,TRUE,NORMAL STATE,646074318,157471
159,0.892817,0.472661,FALSE,TRUE,TRUE,TRUE,NORMAL STATE,646075316,158469
160,0.892817,0.472661,FALSE,TRUE,TRUE,TRUE,NORMAL STATE,646076318,159471
161,0.614104,0.172498,FALSE,TRUE,FALSE,TRUE,NORMAL STATE,646078128,161281
162,0.614104,0.172498,FALSE,TRUE,FALSE,TRUE,NORMAL STATE,646079945,163098
163,0.614104,0.172498,FALSE,TRUE,FALSE,TRUE,NORMAL STATE,646080946,164099
164,0.614104,0.172498,FALSE,TRUE,FALSE,TRUE,NORMAL STATE,646081951,165104
165,0.882303,0.473359,FALSE,TRUE,FALSE,TRUE,NORMAL STATE,646082132,165285
166,0.882303,0.473359,FALSE,TRUE,FALSE,TRUE,NORMAL STATE,646082309,165462
167,0.882303,0.473359,FALSE,TRUE,FALSE,TRUE,NORMAL STATE,646083308,166461
168,0.882303,0.473359,FALSE,TRUE,FALSE,TRUE,NORMAL STATE,646084310,167463
169,0.882303,0.473359,FALSE,TRUE,FALSE,TRUE,NORMAL STATE,646085310,168463
170,0.380543,0.0725789,FALSE,FALSE,FALSE,TRUE,NORMAL STATE,646087150,170303
171,0.380543,0.0725789,FALSE,FALSE,FALSE,TRUE,NORMAL STATE,646088980,172133
172,0.380543,0.0725789,FALSE,FALSE,FALSE,TRUE,NORMAL STATE,646089955,173108
173,0.380543,0.0725789,FALSE,FALSE,FALSE,TRUE,NORMAL STATE,646090952,174105
174,0.380543,0.0725789,FALSE,FALSE,FALSE,TRUE,NORMAL STATE,646091953,175106
175,0.380543,0.0725789,FALSE,FALSE,FALSE,TRUE,NORMAL STATE,646092955,176108
176,0.581814,0.151902,TRUE,FALSE,FALSE,TRUE,NORMAL STATE,646093955,177108
177,0.581814,0.151902,TRUE,FALSE,FALSE,TRUE,NORMAL STATE,646095029,178182
178,0.581814,0.151902,TRUE,FALSE,FALSE,TRUE,NORMAL STATE,646096031,179184
179,0.882303,0.473359,TRUE,FALSE,FALSE,TRUE,NORMAL STATE,646096134,179287
180,0.882303,0.473359,TRUE,FALSE,FALSE,TRUE,NORMAL STATE,646096316,179469
181,0.882303,0.473359,TRUE,FALSE,FALSE,TRUE,NORMAL STATE,646097313,180466
182,0.882303,0.473359,TRUE,FALSE,FALSE,TRUE,NORMAL STATE,646098316,181469
183,0.882303,0.473359,TRUE,FALSE,FALSE,TRUE,NORMAL STATE,646099319,182472
184,0.882303,0.473359,TRUE,FALSE,FALSE,TRUE,NORMAL STATE,646100308,183461
185,0.882303,0.473359,TRUE,FALSE,FALSE,TRUE,NORMAL STATE,646101304,184457
186,0.882303,0.473359,TRUE,FALSE,FALSE,TRUE,NORMAL STATE,646102313,185466
187,0.882303,0.473359,TRUE,FALSE,FALSE,TRUE,NORMAL STATE,646103313,186466
188,0.882303,0.473359,TRUE,FALSE,FALSE,TRUE,NORMAL STATE,646104310,187463
189,0.882303,0.473359,TRUE,FALSE,FALSE,TRUE,NORMAL STATE,646105319,188472
190,0.882303,0.473359,TRUE,FALSE,FALSE,TRUE,NORMAL STATE,646106319,189472
191,0.882303,0.473359,TRUE,FALSE,FALSE,TRUE,NORMAL STATE,646107318,190471
192,0.882303,0.473359,TRUE,FALSE,FALSE,TRUE,NORMAL STATE,646108312,191465
193,0.882303,0.473359,TRUE,FALSE,FALSE,TRUE,NORMAL STATE,646109314,192467
194,0.882303,0.473359,TRUE,FALSE,FALSE,TRUE,NORMAL STATE,646110319,193472
195,0.882303,0.473359,TRUE,FALSE,FALSE,TRUE,NORMAL STATE,646111315,194468
196,0.882303,0.473359,TRUE,FALSE,FALSE,TRUE,NORMAL STATE,646112306,195459
197,0.96731,0.617203,TRUE,FALSE,TRUE,TRUE,NORMAL STATE,646114125,197278
198,0.96731,0.617203,TRUE,FALSE,TRUE,TRUE,NORMAL STATE,646115955,199108
199,0.947227,0.574452,TRUE,FALSE,TRUE,FALSE,NORMAL STATE,646116954,200107
200,0.826973,0.368612,TRUE,FALSE,TRUE,FALSE,NORMAL STATE,646117947,201100
201,0.826973,0.368612,TRUE,FALSE,TRUE,FALSE,NORMAL STATE,646118947,202100
202,0.979584,0.642949,TRUE,TRUE,TRUE,FALSE,NORMAL STATE,646119944,203097
203,0.979584,0.642949,TRUE,TRUE,TRUE,FALSE,NORMAL STATE,646121040,204193
204,0.979584,0.642949,TRUE,TRUE,TRUE,FALSE,NORMAL STATE,646122046,205199
205,0.964374,0.606348,TRUE,TRUE,TRUE,FALSE,NORMAL STATE,646123006,206159
206,0.893959,0.461098,TRUE,TRUE,TRUE,FALSE,NORMAL STATE,646123189,206342
207,0.893959,0.461098,TRUE,TRUE,TRUE,FALSE,NORMAL STATE,646123328,206481
208,0.893959,0.461098,TRUE,TRUE,TRUE,FALSE,NORMAL STATE,646124326,207479
209,0.893959,0.461098,TRUE,TRUE,TRUE,FALSE,NORMAL STATE,646125335,208488
210,0.893959,0.461098,TRUE,TRUE,TRUE,FALSE,NORMAL STATE,646126334,209487
211,0.893959,0.461098,TRUE,TRUE,TRUE,FALSE,NORMAL STATE,646127340,210493
212,0.893959,0.461098,TRUE,TRUE,TRUE,FALSE,NORMAL STATE,646128339,211492
213,0.893959,0.461098,TRUE,TRUE,TRUE,FALSE,NORMAL STATE,646129332,212485
214,0.893959,0.461098,TRUE,TRUE,TRUE,FALSE,NORMAL STATE,646130327,213480
215,0.893959,0.461098,TRUE,TRUE,TRUE,FALSE,NORMAL STATE,646131338,214491
216,0.893959,0.461098,TRUE,TRUE,TRUE,FALSE,NORMAL STATE,646132339,215492
217,0.893959,0.461098,TRUE,TRUE,TRUE,FALSE,NORMAL STATE,646133342,216495
218,0.893959,0.461098,TRUE,TRUE,TRUE,FALSE,NORMAL STATE,646134339,217492
219,0.893959,0.461098,TRUE,TRUE,TRUE,FALSE,NORMAL STATE,646135337,218490
220,0.893959,0.461098,TRUE,TRUE,TRUE,FALSE,NORMAL STATE,646136340,219493
221,0.893959,0.461098,TRUE,TRUE,TRUE,FALSE,NORMAL STATE,646137332,220485
222,0.893959,0.461098,TRUE,TRUE,TRUE,FALSE,NORMAL STATE,646138333,221486
223,0.893959,0.461098,TRUE,TRUE,TRUE,FALSE,NORMAL STATE,646139340,222493
224,0.893959,0.461098,TRUE,TRUE,TRUE,FALSE,NORMAL STATE,646140343,223496
225,0.893959,0.461098,TRUE,TRUE,TRUE,FALSE,NORMAL STATE,646141339,224492
226,0.893959,0.461098,TRUE,TRUE,TRUE,FALSE,NORMAL STATE,646142337,225490
227,0.893959,0.461098,TRUE,TRUE,TRUE,FALSE,NORMAL STATE,646143341,226494
228,0.893959,0.461098,TRUE,TRUE,TRUE,FALSE,NORMAL STATE,646144337,227490
229,0.893959,0.461098,TRUE,TRUE,TRUE,FALSE,NORMAL STATE,646145338,228491
230,0.893959,0.461098,TRUE,TRUE,TRUE,FALSE,NORMAL STATE,646146341,229494
231,0.893959,0.461098,TRUE,TRUE,TRUE,FALSE,NORMAL STATE,646147340,230493
232,0.893959,0.461098,TRUE,TRUE,TRUE,FALSE,NORMAL STATE,646148338,231491
233,0.893959,0.461098,TRUE,TRUE,TRUE,FALSE,NORMAL STATE,646149331,232484
234,0.893959,0.461098,TRUE,TRUE,TRUE,FALSE,NORMAL STATE,646150332,233485
235,0.893959,0.461098,TRUE,TRUE,TRUE,FALSE,NORMAL STATE,646151336,234489
236,0.893959,0.461098,TRUE,TRUE,TRUE,FALSE,NORMAL STATE,646152339,235492
237,0.893959,0.461098,TRUE,TRUE,TRUE,FALSE,NORMAL STATE,646153339,236492
238,0.934312,0.53991,TRUE,TRUE,TRUE,TRUE,NORMAL STATE,646155155,238308
239,0.934312,0.53991,TRUE,TRUE,TRUE,TRUE,NORMAL STATE,646156974,240127
240,0.934312,0.53991,TRUE,TRUE,TRUE,TRUE,NORMAL STATE,646157976,241129
241,0.909292,0.495453,TRUE,TRUE,TRUE,TRUE,NORMAL STATE,646159018,242171
242,0.891721,0.466488,TRUE,TRUE,TRUE,TRUE,NORMAL STATE,646159210,242363
243,0.891721,0.466488,TRUE,TRUE,TRUE,TRUE,NORMAL STATE,646159336,242489
244,0.891721,0.466488,TRUE,TRUE,TRUE,TRUE,NORMAL STATE,646160328,243481
245,0.891721,0.466488,TRUE,TRUE,TRUE,TRUE,NORMAL STATE,646161339,244492
246,0.891721,0.466488,TRUE,TRUE,TRUE,TRUE,NORMAL STATE,646162338,245491
247,0.891721,0.466488,TRUE,TRUE,TRUE,TRUE,NORMAL STATE,646163336,246489
248,0.891721,0.466488,TRUE,TRUE,TRUE,TRUE,NORMAL STATE,646164343,247496
249,0.891721,0.466488,TRUE,TRUE,TRUE,TRUE,NORMAL STATE,646165339,248492
250,0.891721,0.466488,TRUE,TRUE,TRUE,TRUE,NORMAL STATE,646166337,249490
251,0.891721,0.466488,TRUE,TRUE,TRUE,TRUE,NORMAL STATE,646167341,250494
252,0.891721,0.466488,TRUE,TRUE,TRUE,TRUE,NORMAL STATE,646168342,251495
253,0.891721,0.466488,TRUE,TRUE,TRUE,TRUE,NORMAL STATE,646169340,252493
254,0.891721,0.466488,TRUE,TRUE,TRUE,TRUE,NORMAL STATE,646170334,253487
255,0.891721,0.466488,TRUE,TRUE,TRUE,TRUE,NORMAL STATE,646171339,254492
256,0.891721,0.466488,TRUE,TRUE,TRUE,TRUE,NORMAL STATE,646172340,255493
257,0.891721,0.466488,TRUE,TRUE,TRUE,TRUE,NORMAL STATE,646173340,256493
258,0.891721,0.466488,TRUE,TRUE,TRUE,TRUE,NORMAL STATE,646174340,257493
259,0.891721,0.466488,TRUE,TRUE,TRUE,TRUE,NORMAL STATE,646175333,258486
260,0.891721,0.466488,TRUE,TRUE,TRUE,TRUE,NORMAL STATE,646176333,259486
261,0.891721,0.466488,TRUE,TRUE,TRUE,TRUE,NORMAL STATE,646177340,260493
262,0.891721,0.466488,TRUE,TRUE,TRUE,TRUE,NORMAL STATE,646178341,261494
263,0.891721,0.466488,TRUE,TRUE,TRUE,TRUE,NORMAL STATE,646179340,262493
264,0.891721,0.466488,TRUE,TRUE,TRUE,TRUE,NORMAL STATE,646180340,263493
265,0.891721,0.466488,TRUE,TRUE,TRUE,TRUE,NORMAL STATE,646181340,264493
266,0.891721,0.466488,TRUE,TRUE,TRUE,TRUE,NORMAL STATE,646182334,265487
267,0.891721,0.466488,TRUE,TRUE,TRUE,TRUE,NORMAL STATE,646183337,266490
268,0.891721,0.466488,TRUE,TRUE,TRUE,TRUE,NORMAL STATE,646184334,267487
269,0.891721,0.466488,TRUE,TRUE,TRUE,TRUE,NORMAL STATE,646185331,268484
270,0.891721,0.466488,TRUE,TRUE,TRUE,TRUE,NORMAL STATE,646186338,269491
271,0.891721,0.466488,TRUE,TRUE,TRUE,TRUE,NORMAL STATE,646187338,270491
272,0.891721,0.466488,TRUE,TRUE,TRUE,TRUE,NORMAL STATE,646188337,271490
273,0.891721,0.466488,TRUE,TRUE,TRUE,TRUE,NORMAL STATE,646189332,272485
274,0.891721,0.466488,TRUE,TRUE,TRUE,TRUE,NORMAL STATE,646190328,273481
275,0.891721,0.466488,TRUE,TRUE,TRUE,TRUE,NORMAL STATE,646191333,274486
276,0.891721,0.466488,TRUE,TRUE,TRUE,TRUE,NORMAL STATE,646192332,275485
277,0.891721,0.466488,TRUE,TRUE,TRUE,TRUE,NORMAL STATE,646193328,276481
278,0.891721,0.466488,TRUE,TRUE,TRUE,TRUE,NORMAL STATE,646194333,277486
279,0.891721,0.466488,TRUE,TRUE,TRUE,TRUE,NORMAL STATE,646195338,278491
280,0.891721,0.466488,TRUE,TRUE,TRUE,TRUE,NORMAL STATE,646196340,279493
281,0.891721,0.466488,TRUE,TRUE,TRUE,TRUE,NORMAL STATE,646197340,280493
282,0.891721,0.466488,TRUE,TRUE,TRUE,TRUE,NORMAL STATE,646198340,281493
283,0.891721,0.466488,TRUE,TRUE,TRUE,TRUE,NORMAL STATE,646199340,282493
284,0.891721,0.466488,TRUE,TRUE,TRUE,TRUE,NORMAL STATE,646200338,283491
285,0.891721,0.466488,TRUE,TRUE,TRUE,TRUE,NORMAL STATE,646201337,284490
286,0.891721,0.466488,TRUE,TRUE,TRUE,TRUE,NORMAL STATE,646202339,285492
287,0.891721,0.466488,TRUE,TRUE,TRUE,TRUE,NORMAL STATE,646203340,286493
288,0.891721,0.466488,TRUE,TRUE,TRUE,TRUE,NORMAL STATE,646204342,287495
289,0.891721,0.466488,TRUE,TRUE,TRUE,TRUE,NORMAL STATE,646205339,288492
290,0.891721,0.466488,TRUE,TRUE,TRUE,TRUE,NORMAL STATE,646206341,289494
291,0.891721,0.466488,TRUE,TRUE,TRUE,TRUE,NORMAL STATE,646207343,290496
292,0.891721,0.466488,TRUE,TRUE,TRUE,TRUE,NORMAL STATE,646208334,291487
293,0.891721,0.466488,TRUE,TRUE,TRUE,TRUE,NORMAL STATE,646209334,292487
294,0.891721,0.466488,TRUE,TRUE,TRUE,TRUE,NORMAL STATE,646210345,293498
295,0.891721,0.466488,TRUE,TRUE,TRUE,TRUE,NORMAL STATE,646211339,294492
296,0.891721,0.466488,TRUE,TRUE,TRUE,TRUE,NORMAL STATE,646212336,295489
297,0.891721,0.466488,TRUE,TRUE,TRUE,TRUE,NORMAL STATE,646213337,296490
298,0.891721,0.466488,TRUE,TRUE,TRUE,TRUE,NORMAL STATE,646214336,297489
299,0.891721,0.466488,TRUE,TRUE,TRUE,TRUE,NORMAL STATE,646215335,298488
300,0.891721,0.466488,TRUE,TRUE,TRUE,TRUE,NORMAL STATE,646216336,299489
301,0.891721,0.466488,TRUE,TRUE,TRUE,TRUE,NORMAL STATE,646217334,300487
302,0.891721,0.466488,TRUE,TRUE,TRUE,TRUE,NORMAL STATE,646218328,301481
303,0.891721,0.466488,TRUE,TRUE,TRUE,TRUE,NORMAL STATE,646219329,302482
304,0.891721,0.466488,TRUE,TRUE,TRUE,TRUE,NORMAL STATE,646220331,303484
305,0.891721,0.466488,TRUE,TRUE,TRUE,TRUE,NORMAL STATE,646221335,304488
